{
  "clean": {
    "B0": {
      "R@1": 0.32,
      "R@5": 0.53,
      "R@10": 0.6566666666666666,
      "MRR": 0.4214786932418712,
      "MeanR_global": 38.78,
      "MeanR_survived": 38.78,
      "MedR_global": 4.5,
      "GT_filtered_rate": 0.0,
      "n_total": 300,
      "n_survived": 300,
      "method": "B0",
      "avg_cost": 1.0,
      "avg_ms_query": 19.593334197998047
    },
    "B1": {
      "R@1": 0.5766666666666667,
      "R@5": 0.7233333333333334,
      "R@10": 0.7933333333333333,
      "MRR": 0.7236964361583326,
      "MeanR_global": 115.69333333333333,
      "MeanR_survived": 9.865671641791044,
      "MedR_global": 1.0,
      "GT_filtered_rate": 0.10666666666666667,
      "n_total": 300,
      "n_survived": 268,
      "method": "B1",
      "avg_cost": 1.1333333253860474,
      "avg_ms_query": 20.420976638793945
    },
    "B10": {
      "R@1": 0.5133333333333333,
      "R@5": 0.74,
      "R@10": 0.85,
      "MRR": 0.6224070484745461,
      "MeanR_global": 12.726666666666667,
      "MeanR_survived": 12.726666666666667,
      "MedR_global": 1.0,
      "GT_filtered_rate": 0.0,
      "n_total": 300,
      "n_survived": 300,
      "method": "B10",
      "avg_cost": 1.9600000381469727,
      "avg_ms_query": 19.896780014038086
    },
    "B4": {
      "R@1": 0.6466666666666666,
      "R@5": 0.81,
      "R@10": 0.8833333333333333,
      "MRR": 0.7237641579200128,
      "MeanR_global": 9.97,
      "MeanR_survived": 9.97,
      "MedR_global": 1.0,
      "GT_filtered_rate": 0.0,
      "n_total": 300,
      "n_survived": 300,
      "method": "B4",
      "avg_cost": 1.0366666316986084,
      "avg_ms_query": 19.71720314025879
    }
  },
  "mild": {
    "B0": {
      "R@1": 0.32,
      "R@5": 0.53,
      "R@10": 0.6566666666666666,
      "MRR": 0.4214786932418712,
      "MeanR_global": 38.78,
      "MeanR_survived": 38.78,
      "MedR_global": 4.5,
      "GT_filtered_rate": 0.0,
      "n_total": 300,
      "n_survived": 300,
      "method": "B0",
      "avg_cost": 1.0,
      "avg_ms_query": 19.48737335205078
    },
    "B1": {
      "R@1": 0.5233333333333333,
      "R@5": 0.69,
      "R@10": 0.75,
      "MRR": 0.682643344032183,
      "MeanR_global": 133.17333333333335,
      "MeanR_survived": 10.94296577946768,
      "MedR_global": 1.0,
      "GT_filtered_rate": 0.12333333333333334,
      "n_total": 300,
      "n_survived": 263,
      "method": "B1",
      "avg_cost": 1.1333333253860474,
      "avg_ms_query": 20.203519821166992
    },
    "B10": {
      "R@1": 0.49333333333333335,
      "R@5": 0.7133333333333334,
      "R@10": 0.8,
      "MRR": 0.5947408224702728,
      "MeanR_global": 14.53,
      "MeanR_survived": 14.53,
      "MedR_global": 2.0,
      "GT_filtered_rate": 0.0,
      "n_total": 300,
      "n_survived": 300,
      "method": "B10",
      "avg_cost": 1.9833333492279053,
      "avg_ms_query": 19.50052261352539
    },
    "B4": {
      "R@1": 0.6233333333333333,
      "R@5": 0.7866666666666666,
      "R@10": 0.8633333333333333,
      "MRR": 0.701527317281261,
      "MeanR_global": 10.696666666666667,
      "MeanR_survived": 10.696666666666667,
      "MedR_global": 1.0,
      "GT_filtered_rate": 0.0,
      "n_total": 300,
      "n_survived": 300,
      "method": "B4",
      "avg_cost": 1.1200000047683716,
      "avg_ms_query": 19.881776809692383
    }
  },
  "medium": {
    "B0": {
      "R@1": 0.32,
      "R@5": 0.53,
      "R@10": 0.6566666666666666,
      "MRR": 0.4214786932418712,
      "MeanR_global": 38.78,
      "MeanR_survived": 38.78,
      "MedR_global": 4.5,
      "GT_filtered_rate": 0.0,
      "n_total": 300,
      "n_survived": 300,
      "method": "B0",
      "avg_cost": 1.0,
      "avg_ms_query": 20.84212303161621
    },
    "B1": {
      "R@1": 0.4166666666666667,
      "R@5": 0.6233333333333333,
      "R@10": 0.7,
      "MRR": 0.6012542143985502,
      "MeanR_global": 155.55333333333334,
      "MeanR_survived": 13.929961089494164,
      "MedR_global": 2.0,
      "GT_filtered_rate": 0.14333333333333334,
      "n_total": 300,
      "n_survived": 257,
      "method": "B1",
      "avg_cost": 1.1333333253860474,
      "avg_ms_query": 21.53297233581543
    },
    "B10": {
      "R@1": 0.4666666666666667,
      "R@5": 0.6966666666666667,
      "R@10": 0.79,
      "MRR": 0.5724963729097567,
      "MeanR_global": 18.69,
      "MeanR_survived": 18.69,
      "MedR_global": 2.0,
      "GT_filtered_rate": 0.0,
      "n_total": 300,
      "n_survived": 300,
      "method": "B10",
      "avg_cost": 1.9833333492279053,
      "avg_ms_query": 20.53790283203125
    },
    "B4": {
      "R@1": 0.58,
      "R@5": 0.7533333333333333,
      "R@10": 0.8166666666666667,
      "MRR": 0.6587544443017259,
      "MeanR_global": 13.633333333333333,
      "MeanR_survived": 13.633333333333333,
      "MedR_global": 1.0,
      "GT_filtered_rate": 0.0,
      "n_total": 300,
      "n_survived": 300,
      "method": "B4",
      "avg_cost": 1.253333330154419,
      "avg_ms_query": 19.70682716369629
    }
  },
  "heavy": {
    "B0": {
      "R@1": 0.32,
      "R@5": 0.53,
      "R@10": 0.6566666666666666,
      "MRR": 0.4214786932418712,
      "MeanR_global": 38.78,
      "MeanR_survived": 38.78,
      "MedR_global": 4.5,
      "GT_filtered_rate": 0.0,
      "n_total": 300,
      "n_survived": 300,
      "method": "B0",
      "avg_cost": 1.0,
      "avg_ms_query": 19.507511138916016
    },
    "B1": {
      "R@1": 0.32666666666666666,
      "R@5": 0.5,
      "R@10": 0.57,
      "MRR": 0.5208873350441815,
      "MeanR_global": 227.74,
      "MeanR_survived": 21.924050632911392,
      "MedR_global": 5.5,
      "GT_filtered_rate": 0.21,
      "n_total": 300,
      "n_survived": 237,
      "method": "B1",
      "avg_cost": 1.1333333253860474,
      "avg_ms_query": 19.951255798339844
    },
    "B10": {
      "R@1": 0.32666666666666666,
      "R@5": 0.56,
      "R@10": 0.72,
      "MRR": 0.43992090759790226,
      "MeanR_global": 21.84,
      "MeanR_survived": 21.84,
      "MedR_global": 4.0,
      "GT_filtered_rate": 0.0,
      "n_total": 300,
      "n_survived": 300,
      "method": "B10",
      "avg_cost": 2.5199999809265137,
      "avg_ms_query": 19.33574676513672
    },
    "B4": {
      "R@1": 0.48,
      "R@5": 0.67,
      "R@10": 0.7633333333333333,
      "MRR": 0.5734128837630279,
      "MeanR_global": 17.053333333333335,
      "MeanR_survived": 17.053333333333335,
      "MedR_global": 2.0,
      "GT_filtered_rate": 0.0,
      "n_total": 300,
      "n_survived": 300,
      "method": "B4",
      "avg_cost": 1.0733333826065063,
      "avg_ms_query": 20.344444274902344
    }
  },
  "missing": {
    "B0": {
      "R@1": 0.32,
      "R@5": 0.53,
      "R@10": 0.6566666666666666,
      "MRR": 0.4214786932418712,
      "MeanR_global": 38.78,
      "MeanR_survived": 38.78,
      "MedR_global": 4.5,
      "GT_filtered_rate": 0.0,
      "n_total": 300,
      "n_survived": 300,
      "method": "B0",
      "avg_cost": 1.0,
      "avg_ms_query": 18.99813461303711
    },
    "B1": {
      "R@1": 0.32666666666666666,
      "R@5": 0.5333333333333333,
      "R@10": 0.65,
      "MRR": 0.44855626097779877,
      "MeanR_global": 76.04,
      "MeanR_survived": 30.713286713286713,
      "MedR_global": 4.0,
      "GT_filtered_rate": 0.04666666666666667,
      "n_total": 300,
      "n_survived": 286,
      "method": "B1",
      "avg_cost": 1.1333333253860474,
      "avg_ms_query": 19.69109344482422
    },
    "B10": {
      "R@1": 0.32666666666666666,
      "R@5": 0.5433333333333333,
      "R@10": 0.6866666666666666,
      "MRR": 0.43339977802801855,
      "MeanR_global": 30.196666666666665,
      "MeanR_survived": 30.196666666666665,
      "MedR_global": 4.0,
      "GT_filtered_rate": 0.0,
      "n_total": 300,
      "n_survived": 300,
      "method": "B10",
      "avg_cost": 2.433333396911621,
      "avg_ms_query": 19.019838333129883
    },
    "B4": {
      "R@1": 0.36666666666666664,
      "R@5": 0.5866666666666667,
      "R@10": 0.7033333333333334,