{
  "time": {
    "tau": 0.9087814688682556,
    "enabled": true,
    "n_accepted": 150,
    "n_total": 150,
    "empirical_failure_rate": 0.006666666666666667,
    "ucb_failure_rate": 0.031233816920942854
  },
  "geo": {
    "tau": 1.0,
    "enabled": false,
    "n_accepted": 0,
    "n_total": 150,
    "empirical_failure_rate": 0.0,
    "ucb_failure_rate": 1.0
  },
  "motion": {
    "tau": 0.9260711669921875,
    "enabled": true,
    "n_accepted": 86,
    "n_total": 150,
    "empirical_failure_rate": 0.0,
    "ucb_failure_rate": 0.034234372849120204
  },
  "device": {
    "tau": 0.9524716138839722,
    "enabled": true,
    "n_accepted": 150,
    "n_total": 150,
    "empirical_failure_rate": 0.0,
    "ucb_failure_rate": 0.01977343816450844
  }
}